{
  "firstPerson": {
    "enabledByDefault": false,
    "lockBodyOnItems": true,
    "xOffset": 0,
    "sneakXOffset": 0,
    "sitXOffset": 0,
    "vanillaHands": false,
    "doubleHands": true,
    "playerHeadSkins": true,
    "hideCosmeticsButton": false,
    "forceActive": false
  },
  "paperDoll": {
    "dollEnabled": false,
    "location": "BOTTOM_LEFT",
    "dollXOffset": 20,
    "dollYOffset": -40,
    "dollSize": 20,
    "dollLookingSides": 20,
    "dollLookingUpDown": -20,
    "dollHeadMode": "FREE"
  },
  "cosmetic": {
    "hat": "VANILLA",
    "head": "VANILLA",
    "chest": "VANILLA",
    "boots": "VANILLA",
    "back": "VANILLA",
    "playerSize": 100,
    "modifyCameraHeight": false,
    "backHue": 293
  },
  "skinLayer": {
    "headLayerMode": "RENDER3D",
    "optimizedLayerDistance": 16,
    "skinLayerMode": "RENDER3D"
  }
}
